Sector,Indicator Code,Indicator Name,Unit,Transformation Type,Primary Source,Source URL,2005,2006,2007,2008,2009,2010,2011,2012,2013,2014,2015,2016,2017,2018,2019,2020,2021,2022,2023,2024,2025,2026,Notes
,,,,,,,,,,,,,,,,,,,,,,,,,,,,,
GDP & Growth,gdp_current_usd_billion,GDP (Current USD),USD Billion,level,World Bank Open Data — NY.GDP.MKTP.CD,https://data.worldbank.org/indicator/NY.GDP.MKTP.CD?locations=TH,189.32,221.76,262.94,291.38,281.71,341.11,370.82,397.56,420.33,407.34,401.3,413.37,456.36,506.51,543.94,500.36,506.21,495.52,514.85,526.44,553.9,580.2,2025–2026 are forecast/preliminary (IMF/ADB/BOT)
GDP & Growth,gdp_current_thb_billion,GDP at Current Price (THB),THB Billion,level,NESDC National Income of Thailand,https://www.nesdc.go.th/nesdb_en/main.php?filename=national_account,7614.4,8400.7,9076.3,9706.9,9658.6,10808,11306.9,12354.7,12921.2,13230.3,13743.5,14591,15452.9,16369.9,16889.2,15661.3,16188.6,17378,17922,18603,19371.2,20282.2,2025–2026 are forecast/preliminary (IMF/ADB/BOT)
GDP & Growth,gdp_constant_lcu_billion,"Real GDP (chain volume, 2002 ref)",THB Billion (constant),level,NESDC Chain Volume Measure,https://www.nesdc.go.th/nesdb_en/main.php?filename=qgdp_page,6739.4,7079.7,7438.5,7570,7497.6,8094.8,8167.4,8772.2,9009.6,9097.3,9374.2,9696,10068.4,10491.6,10711.9,10058.5,10221.7,10481,10691,10960.4,11190.6,11369.6,2025–2026 are forecast/preliminary (IMF/ADB/BOT)
GDP & Growth,real_gdp_growth_pct,Real GDP Growth Rate,% Annual,rate,NESDC / IMF WEO,https://www.nesdc.go.th/nesdb_en/main.php?filename=qgdp_page,4.2,5,5.4,1.7,-0.7,7.5,0.8,7.2,2.7,1,3.1,3.4,4.2,4.2,2.1,-6.1,1.6,2.5,2,2.5,2,1.6,2025–2026 are forecast/preliminary (IMF/ADB/BOT)
GDP & Growth,gdp_per_capita_usd,GDP Per Capita (Current USD),USD,level,World Bank NY.GDP.PCAP.CD,https://data.worldbank.org/indicator/NY.GDP.PCAP.CD?locations=TH,2894,3369,3974,4382,4216,5076,5491,5860,6168,5952,5840,5994,6593,7274,7807,7190,7256,7099,7341,7341,7850,8050,2025–2026 are forecast/preliminary (IMF/ADB/BOT)
GDP & Growth,gni_per_capita_usd_atlas,"GNI Per Capita (Atlas method, USD)",USD,level,World Bank NY.GNP.PCAP.CD,https://data.worldbank.org/indicator/NY.GNP.PCAP.CD?locations=TH,2790,3210,3680,4150,4310,4690,5120,5610,5950,5970,5780,5800,6150,6740,7250,7060,6840,6840,7180,7090,7090,7090,
GDP & Growth,gdp_deflator_index,GDP Deflator Index (2010=100),Index (2010=100),level,World Bank NY.GDP.DEFL.ZS,https://data.worldbank.org/indicator/NY.GDP.DEFL.ZS?locations=TH,83.7,89.3,92.6,96.4,97.4,100,103,104.9,106.1,107.2,107.6,109.3,110.7,112.6,113.5,113.8,116.4,121.7,123.7,124.8,124.8,124.8,
GDP & Growth,gdp_deflator_yoy_pct,GDP Deflator Annual Change,% Annual,rate,World Bank NY.GDP.DEFL.KD.ZG,https://data.worldbank.org/indicator/NY.GDP.DEFL.KD.ZG?locations=TH,4.5,6.7,3.7,4.1,1,2.7,3,1.8,1.1,1,0.4,1.6,1.3,1.7,0.8,0.3,2.3,4.6,1.6,0.9,0.9,0.9,
,,,,,,,,,,,,,,,,,,,,,,,,,,,,,
,,,,,,,,,,,,,,,,,,,,,,,,,,,,,
Inflation & Prices,cpi_index_2019_100,Headline CPI Index (2019=100),Index (2019=100),level,BOT / Ministry of Commerce TPSO,https://www.bot.or.th/en/statistics/economic-and-financial.html,79.7,83.5,85.4,90.1,89.4,92.4,95.8,98.7,100.9,102.8,101.9,102.1,102.8,98.6,100,99.2,100.4,106.5,107.8,108.2,108.1,108.5,2025–2026 are forecast/preliminary (IMF/ADB/BOT)
Inflation & Prices,cpi_inflation_pct,Headline CPI Inflation,% Annual,rate,BOT / MOC TPSO,https://www.bot.or.th/en/statistics/economic-and-financial.html,4.5,4.7,2.2,5.5,-0.8,3.3,3.8,3,2.2,1.9,-0.9,0.2,0.7,1.1,0.7,-0.8,1.2,6.1,1.2,0.4,-0.1,0.3,2025–2026 are forecast/preliminary (IMF/ADB/BOT)
Inflation & Prices,core_cpi_inflation_pct,Core CPI Inflation,% Annual,rate,BOT / MOC TPSO,https://www.bot.or.th/en/statistics/economic-and-financial.html,1.7,2.3,1.1,2.4,0.3,0.9,2.4,2.1,1,1.6,1.1,0.7,0.6,0.7,0.5,0.3,0.2,2.5,1.3,0.6,0.6,0.7,2025–2026 are forecast/preliminary (IMF/ADB/BOT)
,,,,,,,,,,,,,,,,,,,,,,,,,,,,,
,,,,,,,,,,,,,,,,,,,,,,,,,,,,,
Sector & Employment,agri_value_added_gdp_pct,Agriculture Value Added (% of GDP),% of GDP,rate,World Bank NV.AGR.TOTL.ZS / NESDC,https://data.worldbank.org/indicator/NV.AGR.TOTL.ZS?locations=TH,10.3,10.9,11.3,11.7,10.8,10.5,11.6,11.3,11.5,10.5,8.9,8.3,8.7,8.1,8,8.6,8.5,8.8,8.6,8.5,8.5,8.5,
Sector & Employment,industry_value_added_gdp_pct,Industry Value Added (% of GDP),% of GDP,rate,World Bank NV.IND.TOTL.ZS / NESDC,https://data.worldbank.org/indicator/NV.IND.TOTL.ZS?locations=TH,38.5,39.4,39.7,39,36.7,38.1,37.7,37.4,36.5,36.3,35.9,35.7,35,34.7,33.2,32.5,35,34.6,32,31.7,31.7,31.7,
Sector & Employment,mfg_value_added_gdp_pct,Manufacturing Value Added (% of GDP),% of GDP,rate,World Bank NV.IND.MANF.ZS,https://data.worldbank.org/indicator/NV.IND.MANF.ZS?locations=TH,29.4,30.1,30.5,30.5,28.1,29.3,28.6,28.5,27.8,27.7,27.5,27.2,26.8,26.7,25.6,25.6,27.2,27,25,24.3,24.3,24.3,
Sector & Employment,services_value_added_gdp_pct,Services Value Added (% of GDP),% of GDP,rate,World Bank NV.SRV.TOTL.ZS,https://data.worldbank.org/indicator/NV.SRV.TOTL.ZS?locations=TH,51.2,49.7,49,49.3,52.5,51.4,50.7,51.3,52,53.2,55.2,56,56.3,57.2,58.8,58.9,56.5,56.6,59.4,59.8,59.8,59.8,
Sector & Employment,emp_agri_pct,Employment in Agriculture (%),% of total employment,rate,ILOSTAT / NSO Labor Force Survey,https://data.worldbank.org/indicator/SL.AGR.EMPL.ZS?locations=TH,42.6,42.1,41.7,41.5,41.7,38.2,39.1,39,39.5,32.3,32.3,32,31.8,32.2,31.5,31.4,31.9,30.4,30.2,29,29,29,
Sector & Employment,emp_industry_pct,Employment in Industry (%),% of total employment,rate,ILOSTAT / NSO LFS,https://data.worldbank.org/indicator/SL.IND.EMPL.ZS?locations=TH,20.2,20.6,20.9,20.8,19.5,20.6,20.3,21.7,22,23.8,23.7,23.4,22.9,22.9,22.9,22.6,22.3,22.2,21.9,22.3,22.3,22.3,
Sector & Employment,emp_services_pct,Employment in Services (%),% of total employment,rate,ILOSTAT / NSO LFS,https://data.worldbank.org/indicator/SL.SRV.EMPL.ZS?locations=TH,37.2,37.3,37.4,37.7,38.8,41.2,40.6,39.3,38.5,43.9,44,44.6,45.3,44.9,45.6,46,45.8,47.4,47.9,48.8,48.8,48.8,
Sector & Employment,unemployment_rate_pct,Unemployment Rate,% of labour force,rate,NSO LFS / ILOSTAT,http://web.nso.go.th/en/survey/lfs/lfs.htm,1.4,1.2,1.2,1.2,0.9,0.7,0.7,0.7,0.7,0.8,0.6,0.7,1.2,1,1,1.9,1.5,1.3,1,1,0.9,1,2025–2026 are forecast/preliminary (IMF/ADB/BOT)
Sector & Employment,labor_force_participation_pct,Labor Force Participation (15+),% of pop 15+,rate,World Bank SL.TLF.CACT.ZS,https://data.worldbank.org/indicator/SL.TLF.CACT.ZS?locations=TH,72.7,72.8,72,71.7,71.9,71.5,71.6,71.5,70.7,69.4,68.8,68.3,68,67.7,67.7,67.4,67.4,68.4,68.7,68.6,68.6,68.6,
,,,,,,,,,,,,,,,,,,,,,,,,,,,,,
,,,,,,,,,,,,,,,,,,,,,,,,,,,,,
External Accounts & Trade,current_account_usd_billion,Current Account Balance (USD),USD Billion,level,Bank of Thailand Balance of Payments,https://www.bot.or.th/en/statistics/external-sector.html,-7.64,2.32,15.68,2.16,21.86,9.95,8.91,-1.55,-5.2,11.62,27.77,43.43,43.95,28.5,38.3,20.9,-10.7,-17.2,7.4,11.3,11.9,13.2,2025–2026 are forecast/preliminary (IMF/ADB/BOT)
External Accounts & Trade,current_account_gdp_pct,Current Account Balance (% of GDP),% of GDP,rate,BOT / IMF WEO,https://www.bot.or.th/en/statistics/external-sector.html,-4,1,6,0.7,7.8,2.9,2.4,-0.4,-1.2,2.9,6.9,10.5,9.6,5.6,7,4.2,-2.1,-3.5,1.4,2.1,1.9,1.8,2025–2026 are forecast/preliminary (IMF/ADB/BOT)
External Accounts & Trade,exports_goods_usd_billion,Exports of Goods (BoP basis),USD Billion,level,BOT BoP statistics,https://www.bot.or.th/en/statistics/external-sector.html,109.36,127.94,150.04,175.18,150.74,191.61,219.12,225.87,225.41,224.81,212.1,213.39,234.07,251.6,242.7,227,270.6,285.2,280.7,293.6,324.9,317.6,2025–2026 are forecast/preliminary (IMF/ADB/BOT)
External Accounts & Trade,imports_goods_usd_billion,Imports of Goods (BoP basis),USD Billion,level,BOT BoP statistics,https://www.bot.or.th/en/statistics/external-sector.html,117.71,126.95,138.47,175.1,131.39,182.92,213.92,219.13,218.74,209.39,187.21,177.65,201.1,249.5,216,186.6,238.6,271.6,261.4,274.9,303.7,303.6,2025–2026 are forecast/preliminary (IMF/ADB/BOT)
External Accounts & Trade,trade_balance_usd_billion,"Trade Balance (Goods, BoP)",USD Billion,level,BOT BoP,https://www.bot.or.th/en/statistics/external-sector.html,-8.35,0.99,11.57,0.08,19.35,8.69,5.2,6.74,6.67,15.42,24.89,35.74,32.97,2.1,26.7,40.4,31.9,13.5,19.4,18.7,21.2,14,2025–2026 are forecast/preliminary (IMF/ADB/BOT)
External Accounts & Trade,exports_goods_services_usd_billion,Exports of Goods & Services,USD Billion,level,World Bank BX.GSR.GNFS.CD,https://data.worldbank.org/indicator/BX.GSR.GNFS.CD?locations=TH,137.18,161.36,191.91,218.43,180.41,232.84,262.61,264.85,267.99,269.55,263.71,273.06,299.84,318.5,323.1,244.8,270.3,337,320.5,299.3,339.64,318.5,
External Accounts & Trade,imports_goods_services_usd_billion,Imports of Goods & Services,USD Billion,level,World Bank BM.GSR.GNFS.CD,https://data.worldbank.org/indicator/BM.GSR.GNFS.CD?locations=TH,137.93,145.18,164.97,207.3,151.83,211.93,247.21,269.05,266.48,244.49,215.45,215.61,240.2,297.9,293.5,215.8,260.3,338.8,306.2,299.5,344.94,294.6,
External Accounts & Trade,exports_gdp_pct,Exports of G&S (% of GDP),% of GDP,rate,World Bank NE.EXP.GNFS.ZS,https://data.worldbank.org/indicator/NE.EXP.GNFS.ZS?locations=TH,72.5,72.8,73,74.9,64,68.3,70.8,66.6,63.8,66.2,65.7,66.1,65.7,62.9,59.4,48.9,53.4,68,62.3,56.9,56.9,56.9,
External Accounts & Trade,imports_gdp_pct,Imports of G&S (% of GDP),% of GDP,rate,World Bank NE.IMP.GNFS.ZS,https://data.worldbank.org/indicator/NE.IMP.GNFS.ZS?locations=TH,72.9,65.5,62.7,71.1,53.9,62.1,66.7,67.7,63.4,60,53.7,52.2,52.6,58.8,53.9,43.1,51.4,68.3,59.5,56.9,56.9,56.9,
External Accounts & Trade,intl_reserves_usd_billion,International Reserves (excl gold),USD Billion,level,BOT / IMF IFS,https://www.bot.or.th/en/statistics/external-sector.html,50.69,65.29,85.22,108.66,135.49,167.53,167.46,173.31,159.07,149.1,151.27,165.85,196.71,188.43,206.92,240.18,226.2,197.69,198.21,211.2,254.5,254.5,2025–2026 are forecast/preliminary (IMF/ADB/BOT)
External Accounts & Trade,intl_reserves_total_usd_billion,International Reserves (total incl. forward),USD Billion,level,BOT headline reserves,https://www.bot.or.th/en/statistics/external-sector.html,52.07,66.99,87.46,111.01,138.42,172.13,175.12,181.61,167.23,157.11,156.47,171.85,202.56,205.64,224.32,258.18,245.96,216.62,224.48,237.04,281.9,281.9,2025–2026 are forecast/preliminary (IMF/ADB/BOT)
External Accounts & Trade,external_debt_usd_billion,Total External Debt,USD Billion,level,BOT external debt statistics,https://www.bot.or.th/en/statistics/external-sector.html,52.04,59.62,61.79,64.96,75.27,100.62,104.36,130.74,141.94,141.93,131.27,132.45,155.34,163.1,172.7,190.1,196.9,201.4,196.5,202.4,213.1,223.8,2025–2026 are forecast/preliminary (IMF/ADB/BOT)
External Accounts & Trade,fdi_net_inflows_usd_billion,FDI Net Inflows (BoP),USD Billion,level,BOT / World Bank BX.KLT.DINV.CD.WD,https://data.worldbank.org/indicator/BX.KLT.DINV.CD.WD?locations=TH,8.96,9.5,11.36,8.45,4.85,14.55,2.47,12.9,15.94,4.97,8.93,2.81,8.29,13.2,4.55,-4.3,15.4,11.9,6.5,7.2,13.2,11.1,2025–2026 are forecast/preliminary (IMF/ADB/BOT)
External Accounts & Trade,fdi_net_inflows_gdp_pct,FDI Net Inflows (% of GDP),% of GDP,rate,World Bank BX.KLT.DINV.WD.GD.ZS,https://data.worldbank.org/indicator/BX.KLT.DINV.WD.GD.ZS?locations=TH,4.7,4.3,4.3,2.9,1.7,4.3,0.7,3.2,3.8,1.2,2.2,0.7,1.8,2.6,0.8,-0.9,3,2.4,1.3,1.4,2.4,1.9,2025–2026 are forecast/preliminary (IMF/ADB/BOT)
External Accounts & Trade,balance_of_payments_usd_billion,Balance of Payments (Overall),USD Billion,level,BOT BoP,https://www.bot.or.th/en/statistics/external-sector.html,5.4,12.7,17.1,24,24.4,31.3,-0.3,5.3,-5,-1.2,5.9,12.8,25.6,6.8,13.6,18.4,-7.1,-10.2,2.6,12.4,13.7,0,2025–2026 are forecast/preliminary (IMF/ADB/BOT)
,,,,,,,,,,,,,,,,,,,,,,,,,,,,,
,,,,,,,,,,,,,,,,,,,,,,,,,,,,,
Monetary & Finance,policy_rate_yearend_pct,Policy Interest Rate (year-end),%,rate,Bank of Thailand 1-day RP rate,https://www.bot.or.th/en/our-roles/monetary-policy/mpc-publication.html,4,5,3.25,2.75,1.25,2,3.25,2.75,2.25,2,1.5,1.5,1.5,1.75,1.25,0.5,0.5,1.25,2.5,2.25,1.25,1,2025–2026 are forecast/preliminary (IMF/ADB/BOT)
Monetary & Finance,exchange_rate_thb_usd,Exchange Rate THB/USD (annual avg),THB per USD,level,BOT / World Bank PA.NUS.FCRF,https://www.bot.or.th/en/statistics/exchange-rate.html,40.22,37.89,34.52,33.31,34.29,31.69,30.49,31.08,30.73,32.48,34.25,35.3,33.94,32.31,31.05,31.3,31.98,35.07,34.81,35.3,33.8,33.05,2025–2026 are forecast/preliminary (IMF/ADB/BOT)
Monetary & Finance,broad_money_m2_thb_billion,Broad Money M2,THB Billion,level,BOT Monetary Statistics,https://www.bot.or.th/en/statistics/monetary-financial-markets.html,7117,7574,8584,9522,10503,11833,13594,14961,16004,17146,17631,18414,19164,20102,20841,22958,24062,25002,25482,26188,27266,27266,2025–2026 are forecast/preliminary (IMF/ADB/BOT)
Monetary & Finance,narrow_money_m1_thb_billion,Narrow Money M1,THB Billion,level,BOT Monetary Statistics,https://www.bot.or.th/en/statistics/monetary-financial-markets.html,805,822,945,953,1098,1303,1410,1593,1675,1672,1762,1849,1976,2105,2214,2530,2884,2974,3100,3167,3444,3444,2025–2026 are forecast/preliminary (IMF/ADB/BOT)
Monetary & Finance,broad_money_m2_gdp_pct,Broad Money M2 (% of GDP),% of GDP,rate,World Bank FM.LBL.BMNY.GD.ZS,https://data.worldbank.org/indicator/FM.LBL.BMNY.GD.ZS?locations=TH,93.5,90.2,94.6,98.1,108.7,109.5,120.2,121.1,123.9,129.6,128.3,126.2,124,122.8,123.4,146.6,148.6,143.9,142.2,140.8,140.8,140.8,
Monetary & Finance,domestic_credit_private_gdp_pct,Domestic Credit to Private Sector (% of GDP),% of GDP,rate,World Bank FS.AST.PRVT.GD.ZS,https://data.worldbank.org/indicator/FS.AST.PRVT.GD.ZS?locations=TH,96.5,91.7,88.7,92.8,100.7,105.5,116,124.8,138.4,146.3,149.2,144.4,142.7,144.4,145.2,162.3,163.6,160.1,153,148,148,148,
Monetary & Finance,npl_ratio_pct,Non-Performing Loans Ratio,% Total Loans,rate,Bank of Thailand NPL Statistics,https://www.bot.or.th/en/statistics/financial-institutions.html,8.9,7.5,7.3,5.7,4.8,3.9,2.9,2.4,2.3,2.3,2.6,2.8,2.9,3.1,3.4,3.8,4,3.8,2.7,2.8,3,3.25,2025–2026 are forecast/preliminary (IMF/ADB/BOT)
Monetary & Finance,lending_rate_pct,Lending Rate (MLR),%,rate,BOT Bank Interest Rates,https://www.bot.or.th/en/statistics/interest-rate.html,5.79,7.34,7.05,7.04,5.96,5.94,6.93,7.13,7,6.89,6.59,6.27,6.24,6,6,5.25,5.25,5.33,6.7,7.04,6,6,2025–2026 are forecast/preliminary (IMF/ADB/BOT)
Monetary & Finance,deposit_rate_pct,Deposit Rate (12mo Time),%,rate,BOT Bank Interest Rates,https://www.bot.or.th/en/statistics/interest-rate.html,2.13,4.5,2.5,2.62,0.92,1.1,2.25,2.65,2.1,1.71,1.37,1.34,1.37,1.38,1.16,0.46,0.43,0.61,1.43,1.59,1.1,1.1,2025–2026 are forecast/preliminary (IMF/ADB/BOT)
Monetary & Finance,prime_rate_max_pct,Prime Rate Max (MOR average),%,rate,BOT,https://www.bot.or.th/en/statistics/interest-rate.html,6.5,8,7.5,7.25,6.5,6.5,7.5,7.75,7.5,7.38,7,6.75,6.75,6.35,6.35,5.58,5.58,5.67,6.96,7.28,7.28,7.28,
Monetary & Finance,prime_rate_min_pct,Prime Rate Min (MLR avg),%,rate,BOT,https://www.bot.or.th/en/statistics/interest-rate.html,5.75,7.5,7,7,6,6,7,7.25,7,6.88,6.55,6.3,6.3,6,6,5.25,5.25,5.33,6.7,7.04,7.04,7.04,
,,,,,,,,,,,,,,,,,,,,,,,,,,,,,
,,,,,,,,,,,,,,,,,,,,,,,,,,,,,
Government Finance,public_debt_gdp_pct,Public Debt (% of GDP),% of GDP,rate,Public Debt Management Office (PDMO),https://www.pdmo.go.th/en/public-debt/debt-outstanding,47.5,42,38.3,37.3,45.2,42.6,41.7,43.9,45.7,43.3,42.6,41.2,41.8,41.9,41.1,49.4,58.3,60.5,62.4,63.9,64.7,65.4,2025–2026 are forecast/preliminary (IMF/ADB/BOT)
Government Finance,public_debt_thb_billion,Total Public Debt (THB),THB Billion,level,PDMO Public Debt Status Summary,https://www.pdmo.go.th/en/public-debt/debt-outstanding,3211.4,3260.4,3203.5,3389.4,4001.9,4232.5,4448.9,4937.2,5430.6,5690.8,5783.3,5988.1,6369.3,6833.6,6901.8,7848.2,9337.5,10373.9,11084.6,11845.6,12410,13200,2025–2026 are forecast/preliminary (IMF/ADB/BOT)
Government Finance,general_gov_revenue_gdp_pct,General Government Revenue (% of GDP),% of GDP,rate,IMF WEO / Fiscal Policy Office,https://www.imf.org/external/datamapper/GGR_NGDP@WEO/THA,19,19.4,19.4,19.7,18.9,20.5,20.2,21.2,21.7,21.2,21.6,21.4,21.1,20,20.7,19.9,19.3,20.5,21.2,21,20.6,20.4,2025–2026 are forecast/preliminary (IMF/ADB/BOT)
Government Finance,general_gov_expenditure_gdp_pct,General Government Expenditure (% of GDP),% of GDP,rate,IMF WEO / FPO,https://www.imf.org/external/datamapper/GGX_NGDP@WEO/THA,19.2,19.4,19.6,19.7,22.4,21.3,21.1,22.7,22.1,21.6,22.2,21.8,21.7,20.6,20.7,24.7,26.5,25.4,23,23.2,24.2,23.6,2025–2026 are forecast/preliminary (IMF/ADB/BOT)
Government Finance,tax_revenue_gdp_pct,Tax Revenue (% of GDP),% of GDP,rate,World Bank GC.TAX.TOTL.GD.ZS / FPO,https://data.worldbank.org/indicator/GC.TAX.TOTL.GD.ZS?locations=TH,16.4,16.4,16,16.2,14.2,15.5,16.7,17,16.8,15.7,16.2,16.4,16.2,16,15.7,14.8,14.5,15.6,15.9,15.9,15.7,15.7,2025–2026 are forecast/preliminary (IMF/ADB/BOT)
Government Finance,fiscal_balance_gdp_pct,Fiscal Balance (% of GDP),% of GDP,rate,IMF WEO / FPO,https://www.imf.org/external/datamapper/GGXCNL_NGDP@WEO/THA,-0.2,0,-0.2,-0.1,-3.5,-0.8,-0.9,-1.5,-0.4,-0.5,-0.6,-0.5,-0.6,-2.8,0.4,-4.5,-6.7,-4.5,-2,-2.2,-3.6,-3.2,2025–2026 are forecast/preliminary (IMF/ADB/BOT)
Government Finance,household_debt_gdp_pct,Household Debt (% of GDP),% of GDP,rate,Bank of Thailand Household Debt Statistics,https://www.bot.or.th/en/statistics/household-debt-statistics.html,46,46.8,49.5,52.5,57.1,59.3,66.2,71.8,76.5,79.9,81.2,79.9,78.4,78.7,79.9,89.4,90.1,91.4,91.3,88.4,87.2,86.5,2025–2026 are forecast/preliminary (IMF/ADB/BOT)
,,,,,,,,,,,,,,,,,,,,,,,,,,,,,
,,,,,,,,,,,,,,,,,,,,,,,,,,,,,
Social & Demographics,population_total_million,Population Total,Million persons,level,World Bank SP.POP.TOTL / UN WPP,https://data.worldbank.org/indicator/SP.POP.TOTL?locations=TH,66.2,66.38,66.59,66.8,67.01,67.2,67.41,67.66,67.96,68.28,68.66,69.01,69.31,69.43,69.63,71.48,71.6,71.7,71.8,71.67,71.67,71.67,
Social & Demographics,population_growth_pct,Population Growth,% Annual,rate,World Bank SP.POP.GROW,https://data.worldbank.org/indicator/SP.POP.GROW?locations=TH,0.5,0.3,0.32,0.31,0.32,0.28,0.32,0.36,0.45,0.47,0.55,0.52,0.43,0.17,0.3,2.66,0.16,0.13,0.13,-0.18,-0.18,-0.18,
Social & Demographics,population_65plus_pct,Population 65+ (% of total),%,rate,World Bank SP.POP.65UP.TO.ZS,https://data.worldbank.org/indicator/SP.POP.65UP.TO.ZS?locations=TH,7.4,7.7,8,8.3,8.6,9,9.3,9.7,10.1,10.5,10.9,11.3,11.8,12.2,12.7,13.2,13.7,14.4,14.7,15.4,15.4,15.4,
Social & Demographics,life_expectancy_years,Life Expectancy at Birth,Years,level,World Bank SP.DYN.LE00.IN,https://data.worldbank.org/indicator/SP.DYN.LE00.IN?locations=TH,73.1,73.3,73.5,73.7,73.9,74.1,74.4,74.6,74.9,75.1,75.4,75.6,75.8,76.1,76.3,76.6,76.4,76.7,77,77,77,77,
Social & Demographics,adult_literacy_pct,Adult Literacy Rate,%,rate,UNESCO UIS / World Bank SE.ADT.LITR.ZS,https://data.worldbank.org/indicator/SE.ADT.LITR.ZS?locations=TH,93.5,93.5,93.5,93.5,93.5,93.5,93.5,93.5,93.5,93.5,92.9,92.9,92.9,93.8,93.8,91.3,91.2,91.2,91.1,91.1,91.1,91.1,UNESCO sparse series; LOCF for missing years
Social & Demographics,poverty_headcount_natl_pct,Poverty Headcount (national line),%,rate,World Bank SI.POV.NAHC / NESDC,https://data.worldbank.org/indicator/SI.POV.NAHC?locations=TH,26.8,21.9,20,20.4,17.9,16.4,13.2,12.6,10.9,10.5,7.2,8.6,7.9,9.8,6.2,6.8,6.3,6.3,8.8,8.8,,,Sparse/biennial — gap years left missing intentionally
Social & Demographics,gini_index,Gini Index,Index (0-100),level,World Bank SI.POV.GINI,https://data.worldbank.org/indicator/SI.POV.GINI?locations=TH,,41.9,,,39,,38.5,,37.8,,36.5,,36.4,35,34.9,35.1,34.9,34.3,33.5,,,,Sparse/biennial — gap years left missing intentionally
Social & Demographics,income_share_top20_pct,Income Share Highest 20%,%,rate,World Bank SI.DST.05TH.20,https://data.worldbank.org/indicator/SI.DST.05TH.20?locations=TH,,49.6,,,48.8,,47.7,,46.5,,44.9,,44,43.4,42.8,42.7,42.7,42.2,41.5,,,,Sparse/biennial — gap years left missing intentionally
Social & Demographics,income_share_bottom20_pct,Income Share Lowest 20%,%,rate,World Bank SI.DST.FRST.20,https://data.worldbank.org/indicator/SI.DST.FRST.20?locations=TH,,6.1,,,6.5,,6.7,,7,,7.3,,7.5,7.6,7.7,7.5,7.6,7.7,7.9,,,,Sparse/biennial — gap years left missing intentionally
Social & Demographics,education_expenditure_gdp_pct,Education Expenditure (% of GDP),% of GDP,rate,UNESCO UIS / World Bank SE.XPD.TOTL.GD.ZS,https://data.worldbank.org/indicator/SE.XPD.TOTL.GD.ZS?locations=TH,,,,4,4,3.7,3.8,4,4.1,4.1,4.1,4.1,3.9,3.2,3,3.2,3,2.6,2.5,3,3,3,UNESCO series starts 2008
,,,,,,,,,,,,,,,,,,,,,,,,,,,,,
,,,,,,,,,,,,,,,,,,,,,,,,,,,,,
Tourism,tourism_arrivals_million,International Tourist Arrivals,Million persons,level,Ministry of Tourism & Sports / TAT,https://www.mots.go.th/more_news_new.php?cid=411,11.52,13.82,14.46,14.58,14.15,15.94,19.23,22.35,26.55,24.81,29.92,32.59,35.59,38.18,39.92,6.7,0.43,11.15,28.15,35.55,32.97,33.5,2025–2026 are forecast/preliminary (IMF/ADB/BOT)
Tourism,tourism_receipts_usd_billion,International Tourism Receipts,USD Billion,level,Ministry of Tourism & Sports / World Bank ST.INT.RCPT.CD,https://data.worldbank.org/indicator/ST.INT.RCPT.CD?locations=TH,12.1,14.78,17.94,20.4,17.45,21.85,30.41,35.71,45.81,41.21,48.53,53.96,62.5,65.25,65.16,14.34,2.16,16.18,35.84,50.85,45.3,46,2025–2026 are forecast/preliminary (IMF/ADB/BOT)
Tourism,tourism_receipts_exports_pct,Tourism Receipts (% of exports),% of total exports,rate,World Bank ST.INT.RCPT.XP.ZS,https://data.worldbank.org/indicator/ST.INT.RCPT.XP.ZS?locations=TH,8.8,9.2,9.3,9.3,9.7,9.4,11.6,13.5,17.1,15.3,18.4,19.8,20.8,20.5,20.2,5.9,0.8,4.8,11.2,17,17,17,
,,,,,,,,,,,,,,,,,,,,,,,,,,,,,
,,,,,,,,,,,,,,,,,,,,,,,,,,,,,
Investment,gross_capital_formation_gdp_pct,Gross Capital Formation (% of GDP),% of GDP,rate,World Bank NE.GDI.TOTL.ZS / NESDC,https://data.worldbank.org/indicator/NE.GDI.TOTL.ZS?locations=TH,31.4,28.3,26.4,29.1,21.2,25.4,26.6,27.9,26.6,23.7,22.4,22,22.8,24.7,24.7,23.9,24.5,25.2,23.4,23,23,23,
Investment,gross_fixed_capital_formation_gdp_pct,Gross Fixed Capital Formation (% of GDP),% of GDP,rate,World Bank NE.GDI.FTOT.ZS,https://data.worldbank.org/indicator/NE.GDI.FTOT.ZS?locations=TH,29,27.7,25.6,27.3,22.7,25,25.6,27.6,27.5,23.6,22.4,22.2,22.5,24.3,23.2,23.7,24.1,24,23.5,23.2,23.2,23.2,
,,,,,,,,,,,,,,,,,,,,,,,,,,,,,
,,,,,,,,,,,,,,,,,,,,,,,,,,,,,
Derived — YoY Growth,gdp_current_usd_yoy_pct,Gdp Current Usd Yoy Pct,% YoY,derived: year-over-year growth,Derived from clean dataset,,,17.135,18.5696,10.8162,-3.3187,21.0855,8.7098,7.211,5.7274,-3.0904,-1.4828,3.0077,10.3999,10.9891,7.3898,-8.0119,1.1692,-2.1118,3.901,2.2511,5.2162,4.7481,Derived analytic — see data_quality_report.md §5
Derived — YoY Growth,gdp_current_thb_yoy_pct,Gdp Current Thb Yoy Pct,% YoY,derived: year-over-year growth,Derived from clean dataset,,,10.3265,8.0422,6.9478,-0.4976,11.9003,4.616,9.2669,4.5853,2.3922,3.879,6.1666,5.9071,5.9342,3.1723,-7.2703,3.3669,7.3471,3.1304,3.7998,4.1294,4.7029,Derived analytic — see data_quality_report.md §5
Derived — YoY Growth,real_gdp_chain_yoy_pct,Real Gdp Chain Yoy Pct,% YoY,derived: year-over-year growth,Derived from clean dataset,,,5.0494,5.068,1.7678,-0.9564,7.9652,0.8969,7.405,2.7063,0.9734,3.0438,3.4328,3.8408,4.2032,2.0998,-6.0998,1.6225,2.5368,2.0036,2.5199,2.1003,1.5996,Derived analytic — see data_quality_report.md §5
Derived — YoY Growth,population_yoy_pct,Population Yoy Pct,% YoY,derived: year-over-year growth,Derived from clean dataset,,,0.2719,0.3164,0.3154,0.3144,0.2835,0.3125,0.3709,0.4434,0.4709,0.5565,0.5098,0.4347,0.1731,0.2881,2.6569,0.1679,0.1397,0.1395,-0.1811,0,0,Derived analytic — see data_quality_report.md §5
Derived — YoY Growth,tourism_arrivals_yoy_pct,Tourism Arrivals Yoy Pct,% YoY,derived: year-over-year growth,Derived from clean dataset,,,19.9653,4.631,0.8299,-2.9492,12.6502,20.6399,16.2246,18.7919,-6.5537,20.5965,8.9238,9.2053,7.2773,4.5574,-83.2164,-93.5821,2493.0233,152.4664,26.2877,-7.2574,1.6075,Derived analytic — see data_quality_report.md §5
Derived — YoY Growth,tourism_receipts_yoy_pct,Tourism Receipts Yoy Pct,% YoY,derived: year-over-year growth,Derived from clean dataset,,,22.1488,21.3802,13.7124,-14.4608,25.2149,39.1762,17.4285,28.2834,-10.0415,17.7627,11.189,15.8265,4.4,-0.1379,-77.9926,-84.9372,649.0741,121.508,41.8806,-10.9145,1.5453,Derived analytic — see data_quality_report.md §5
Derived — YoY Growth,exports_goods_yoy_pct,Exports Goods Yoy Pct,% YoY,derived: year-over-year growth,Derived from clean dataset,,,16.9898,17.2737,16.7555,-13.9514,27.1129,14.3573,3.0805,-0.2037,-0.2662,-5.6537,0.6082,9.6912,7.4892,-3.5374,-6.4689,19.207,5.3954,-1.5778,4.5957,10.6608,-2.2468,Derived analytic — see data_quality_report.md §5
Derived — YoY Growth,imports_goods_yoy_pct,Imports Goods Yoy Pct,% YoY,derived: year-over-year growth,Derived from clean dataset,,,7.8498,9.0744,26.4534,-24.9629,39.2191,16.9473,2.4355,-0.178,-4.2745,-10.5927,-5.1066,13.2001,24.0676,-13.4269,-13.6111,27.8671,13.8307,-3.7555,5.1645,10.4765,-0.0329,Derived analytic — see data_quality_report.md §5
Derived — YoY Growth,broad_money_m2_yoy_pct,Broad Money M2 Yoy Pct,% YoY,derived: year-over-year growth,Derived from clean dataset,,,6.4212,13.3351,10.9273,10.3025,12.663,14.8821,10.0559,6.9715,7.1357,2.8286,4.441,4.073,4.8946,3.6763,10.1579,4.8088,3.9066,1.9198,2.7706,4.1164,0,Derived analytic — see data_quality_report.md §5
Derived — YoY Growth,public_debt_thb_yoy_pct,Public Debt Thb Yoy Pct,% YoY,derived: year-over-year growth,Derived from clean dataset,,,1.5258,-1.7452,5.803,18.071,5.7623,5.1128,10.9757,9.9935,4.7914,1.6254,3.5412,6.366,7.2897,0.998,13.7124,18.9763,11.0993,6.8508,6.8654,4.7646,6.3658,Derived analytic — see data_quality_report.md §5
Derived — YoY Growth,cpi_yoy_derived_pct,Cpi Yoy Derived Pct,,derived,Derived from clean dataset,,,4.7679,2.2754,5.5035,-0.7769,3.3557,3.6797,3.0271,2.229,1.8831,-0.8755,0.1963,0.6856,-4.0856,1.4199,-0.8,1.2097,6.0757,1.2207,0.3711,-0.0924,0.37,Derived analytic — see data_quality_report.md §5
Derived — YoY Growth,exchange_rate_yoy_pct,Exchange Rate Yoy Pct,% YoY,derived: year-over-year growth,Derived from clean dataset,,,-5.7931,-8.8942,-3.5052,2.9421,-7.5824,-3.7867,1.9351,-1.1261,5.6948,5.4495,3.0657,-3.8527,-4.8026,-3.8997,0.8052,2.1725,9.6623,-0.7414,1.4076,-4.2493,-2.2189,Derived analytic — see data_quality_report.md §5
Derived — YoY Growth,intl_reserves_yoy_pct,Intl Reserves Yoy Pct,% YoY,derived: year-over-year growth,Derived from clean dataset,,,28.8025,30.5253,27.5053,24.6917,23.6475,-0.0418,3.4934,-8.2165,-6.2677,1.4554,9.6384,18.6072,-4.2092,9.8127,16.0738,-5.8206,-12.6039,0.263,6.5537,20.5019,0,Derived analytic — see data_quality_report.md §5
Derived — YoY Growth,external_debt_yoy_pct,External Debt Yoy Pct,% YoY,derived: year-over-year growth,Derived from clean dataset,,,14.5657,3.6397,5.1303,15.8713,33.6788,3.717,25.2779,8.5666,-0.007,-7.5107,0.8989,17.282,4.9955,5.886,10.0753,3.5771,2.2854,-2.433,3.0025,5.2866,5.0211,Derived analytic — see data_quality_report.md §5
,,,,,,,,,,,,,,,,,,,,,,,,,,,,,
,,,,,,,,,,,,,,,,,,,,,,,,,,,,,
Derived — Share of GDP,exports_goods_share_gdp_usd_pct,Exports Goods Share Gdp Usd Pct,% of GDP (USD),derived: indicator / GDP_USD * 100,Derived from clean dataset,,57.7646,57.693,57.0624,60.1208,53.5089,56.1725,59.0907,56.8141,53.6269,55.1898,52.8532,51.622,51.2906,49.6733,44.6189,45.3673,53.4561,57.5557,54.5207,55.7708,58.6568,54.7397,Derived analytic — see data_quality_report.md §5
Derived — Share of GDP,imports_goods_share_gdp_usd_pct,Imports Goods Share Gdp Usd Pct,% of GDP (USD),derived: indicator / GDP_USD * 100,Derived from clean dataset,,62.1752,57.2466,52.6622,60.0933,46.6402,53.6249,57.6884,55.1187,52.0401,51.4042,46.6509,42.976,44.0661,49.2587,39.7103,37.2931,47.1346,54.8111,50.7721,52.2187,54.8294,52.3268,Derived analytic — see data_quality_report.md §5
Derived — Share of GDP,trade_balance_share_gdp_usd_pct,Trade Balance Share Gdp Usd Pct,% of GDP (USD),derived: indicator / GDP_USD * 100,Derived from clean dataset,,-4.4105,0.4464,4.4002,0.0275,6.8688,2.5476,1.4023,1.6953,1.5868,3.7855,6.2023,8.646,7.2246,0.4146,4.9086,8.0742,6.3017,2.7244,3.7681,3.5522,3.8274,2.413,Derived analytic — see data_quality_report.md §5
Derived — Share of GDP,reserves_share_gdp_usd_pct,Reserves Share Gdp Usd Pct,% of GDP (USD),derived: indicator / GDP_USD * 100,Derived from clean dataset,,26.7748,29.4417,32.4104,37.2915,48.0956,49.1132,45.1594,43.5934,37.8441,36.6033,37.695,40.1214,43.1041,37.2016,38.041,48.0014,44.685,39.8955,38.4986,40.1185,45.9469,43.8642,Derived analytic — see data_quality_report.md §5
Derived — Share of GDP,external_debt_share_gdp_usd_pct,External Debt Share Gdp Usd Pct,% of GDP (USD),derived: indicator / GDP_USD * 100,Derived from clean dataset,,27.4879,26.8849,23.4997,22.2939,26.719,29.4978,28.143,32.8856,33.7687,34.8431,32.7112,32.0415,34.0389,32.2007,31.7498,37.9926,38.8969,40.6442,38.1665,38.4469,38.4726,38.5729,Derived analytic — see data_quality_report.md §5
Derived — Share of GDP,tourism_receipts_share_gdp_usd_pct,Tourism Receipts Share Gdp Usd Pct,% of GDP (USD),derived: indicator / GDP_USD * 100,Derived from clean dataset,,6.3913,6.6649,6.8228,7.0012,6.1943,6.4056,8.2007,8.9823,10.8986,10.1169,12.0932,13.0537,13.6953,12.8823,11.9793,2.8659,0.4267,3.2653,6.9613,9.6592,8.1784,7.9283,Derived analytic — see data_quality_report.md §5
Derived — Share of GDP,broad_money_m2_share_gdp_thb_pct,Broad Money M2 Share Gdp Thb Pct,% of GDP (THB),derived: indicator / GDP_THB * 100,Derived from clean dataset,,93.4676,90.1592,94.576,98.0952,108.7425,109.4837,120.2275,121.0956,123.8585,129.5965,128.2861,126.2011,124.0156,122.7986,123.3984,146.5906,148.6355,143.8716,142.1828,140.773,140.7553,134.4331,Derived analytic — see data_quality_report.md §5
Derived — Share of GDP,narrow_money_m1_share_gdp_thb_pct,Narrow Money M1 Share Gdp Thb Pct,% of GDP (THB),derived: indicator / GDP_THB * 100,Derived from clean dataset,,10.5721,9.7849,10.4117,9.8178,11.3681,12.0559,12.4703,12.8939,12.9632,12.6377,12.8206,12.6722,12.7872,12.859,13.109,16.1545,17.815,17.1136,17.2972,17.0241,17.779,16.9804,Derived analytic — see data_quality_report.md §5
Derived — Share of GDP,public_debt_share_gdp_thb_pct,Public Debt Share Gdp Thb Pct,% of GDP (THB),derived: indicator / GDP_THB * 100,Derived from clean dataset,,42.1754,38.8111,35.2952,34.9174,41.4335,39.1608,39.3468,39.9621,42.0286,43.0134,42.0803,41.0397,41.2175,41.7449,40.8652,50.1121,57.6795,59.6956,61.8491,63.6758,64.0642,65.0817,Derived analytic — see data_quality_report.md §5
,,,,,,,,,,,,,,,,,,,,,,,,,,,,,
,,,,,,,,,,,,,,,,,,,,,,,,,,,,,
Derived — Indexed (base year=100),gdp_current_usd_index_2015_100,Gdp Current Usd Index 2015 100,Index 2015=100,derived: value / value(2015) * 100,Derived from clean dataset,,47.1767,55.2604,65.5221,72.609,70.1994,85.0012,92.4047,99.068,104.7421,101.5051,100,103.0077,113.7204,126.2173,135.5445,124.6848,126.1425,123.4787,128.2955,131.1837,138.0264,144.5801,Derived analytic — see data_quality_report.md §5
Derived — Indexed (base year=100),cpi_index_2015_100,Cpi Index 2015 100,Index 2015=100,derived: value / value(2015) * 100,Derived from clean dataset,,78.2139,81.9431,83.8077,88.42,87.7331,90.6771,94.0137,96.8597,99.0186,100.8832,100,100.1963,100.8832,96.7615,98.1354,97.3503,98.528,104.5142,105.79,106.1825,106.0844,106.4769,Derived analytic — see data_quality_report.md §5
Derived — Indexed (base year=100),tourism_arrivals_index_2015_100,Tourism Arrivals Index 2015 100,Index 2015=100,derived: value / value(2015) * 100,Derived from clean dataset,,38.5027,46.1898,48.3289,48.7299,47.2928,53.2754,64.2714,74.6992,88.7366,82.9211,100,108.9238,118.9505,127.607,133.4225,22.393,1.4372,37.266,94.0842,118.8168,110.1938,111.9652,Derived analytic — see data_quality_report.md §5
Derived — Indexed (base year=100),tourism_recovery_index_2019_100,Tourism Recovery Index 2019 100,Index 2019=100,derived: value / value(2019) * 100,Derived from clean dataset,,28.8577,34.6192,36.2224,36.523,35.4459,39.9299,48.1713,55.987,66.508,62.1493,74.9499,81.6383,89.1533,95.6413,100,16.7836,1.0772,27.9309,70.516,89.0531,82.5902,83.9178,Derived analytic — see data_quality_report.md §5
Derived — Indexed (base year=100),exports_goods_index_2015_100,Exports Goods Index 2015 100,Index 2015=100,derived: value / value(2015) * 100,Derived from clean dataset,,51.5606,60.3206,70.7402,82.5931,71.0703,90.3395,103.3098,106.4922,106.2753,105.9925,100,100.6082,110.3583,118.6233,114.4272,107.025,127.5813,134.4649,132.3432,138.4253,153.1825,149.7407,Derived analytic — see data_quality_report.md §5
Derived — Indexed (base year=100),public_debt_thb_index_2015_100,Public Debt Thb Index 2015 100,Index 2015=100,derived: value / value(2015) * 100,Derived from clean dataset,,55.5288,56.3761,55.3922,58.6067,69.1975,73.1849,76.9267,85.3699,93.9014,98.4006,100,103.5412,110.1326,118.1609,119.3402,135.7045,161.4563,179.3768,191.6657,204.8242,214.5834,228.2434,Derived analytic — see data_quality_report.md §5
,,,,,,,,,,,,,,,,,,,,,,,,,,,,,
,,,,,,,,,,,,,,,,,,,,,,,,,,,,,
Derived — Composite Indices & Dummies,covid_dummy,Covid Dummy,Binary 0/1,derived: time-period dummy,Derived from clean dataset,,0,0,0,0,0,0,0,0,0,0,0,0,0,0,0,1,1,0,0,0,0,0,Derived analytic — see data_quality_report.md §5
Derived — Composite Indices & Dummies,post_covid_recovery_dummy,Post Covid Recovery Dummy,Binary 0/1,derived: time-period dummy,Derived from clean dataset,,0,0,0,0,0,0,0,0,0,0,0,0,0,0,0,0,0,1,1,1,1,1,Derived analytic — see data_quality_report.md §5
Derived — Composite Indices & Dummies,export_import_ratio,Export Import Ratio,Ratio,derived: ratio of two indicators,Derived from clean dataset,,0.9291,1.0078,1.0836,1.0005,1.1473,1.0475,1.0243,1.0308,1.0305,1.0736,1.133,1.2012,1.1639,1.0084,1.1236,1.2165,1.1341,1.0501,1.0738,1.068,1.0698,1.0461,Derived analytic — see data_quality_report.md §5
Derived — Composite Indices & Dummies,trade_openness_pct,Trade Openness Pct,% of GDP,derived: (exports + imports) / GDP * 100,Derived from clean dataset,,119.9398,114.9396,109.7247,120.2142,100.1491,109.7974,116.779,111.9328,105.667,106.594,99.5041,94.5981,95.3567,98.9319,84.3292,82.6605,100.5907,112.3668,105.2928,107.9895,113.4862,107.0665,Derived analytic — see data_quality_report.md §5
Derived — Composite Indices & Dummies,real_growth_minus_inflation,Real Growth Minus Inflation,pp (percentage points),derived: real_gdp_growth − cpi_inflation,Derived from clean dataset,,-0.3,0.3,3.2,-3.8,0.1,4.2,-3,4.2,0.5,-0.9,4,3.2,3.5,3.1,1.4,-5.3,0.4,-3.6,0.8,2.1,2.1,1.3,Derived analytic — see data_quality_report.md §5
Derived — Composite Indices & Dummies,debt_pressure_index,Debt Pressure Index,Z-score composite,derived: standardized composite (see data_quality_report.md §5),Derived from clean dataset,,-0.0508,0.074,-0.5355,-0.6582,-0.7297,-0.5456,-0.0431,0.0074,0.0235,-0.0645,-0.214,-0.2934,-0.3049,-0.2182,-0.3735,-0.0927,0.2446,0.5824,1.0313,0.9449,0.6414,0.5747,Derived analytic — see data_quality_report.md §5
Derived — Composite Indices & Dummies,external_vulnerability_index,External Vulnerability Index,Z-score composite,derived: standardized composite (see data_quality_report.md §5),Derived from clean dataset,,0.4871,-0.2638,-1.2236,-0.9657,-0.9956,-0.9723,-0.7343,0.2866,0.4357,0.6703,0.1871,-0.3138,-0.5505,-0.3139,-0.4229,0.2433,0.8898,1.6514,0.6227,0.6704,0.2145,0.3977,Derived analytic — see data_quality_report.md §5
Derived — Composite Indices & Dummies,macro_stability_score,Macro Stability Score,Z-score composite,derived: standardized composite (see data_quality_report.md §5),Derived from clean dataset,,-0.7348,-0.1934,0.4528,-0.4384,0.2978,0.5531,-0.0006,0.3668,0.046,0.1532,0.7686,1.0199,0.6416,0.5178,0.4978,-1.0183,-0.7575,-1.2304,-0.3154,-0.1858,-0.1522,-0.2886,Derived analytic — see data_quality_report.md §5